{
  "uid" : "b1a8273437954620fa374b796ffaacdd",
  "name" : "behaviors",
  "children" : [ {
    "name" : "美多商城接口测试",
    "children" : [ {
      "name" : "个人信息",
      "children" : [ {
        "name" : "Info_2获取个人信息正确",
        "uid" : "33cbc1fbe9d549ed",
        "parentUid" : "ecdd8cf33f8dd72f4499799ade10d853",
        "status" : "passed",
        "time" : {
          "start" : 1567767686352,
          "stop" : 1567767686958,
          "duration" : 606
        },
        "flaky" : false,
        "parameters" : [ "{'用例ID': 'Info_2', '模块': '个人信息', '接口名称': '获取个人信息正确', '请求URL': '/user/', '前置条件': 'login_4', '请求类型': 'get', '请求参数类型': '', '请求参数': '', '预期结果': \"id': 1, 'username': 'python', 'mobile': '17701397029', 'email': '952673638@qq.com'\", '实际结果': '', '备注': '', '是否运行': 'y', 'headers': '{\"Authorization\": \"JWT ${token}$\"}', 'cookies': '', 'status_code': 200.0, '数据库验证': \"select id,username,mobile,email from tb_users where username='python'\"}" ]
      } ],
      "uid" : "ecdd8cf33f8dd72f4499799ade10d853"
    } ],
    "uid" : "42e18c0608b0a03632484511b3f54d08"
  } ]
}