{
  "uid" : "ab17fc5a4eb3bca4b216b548c7f9fcbc",
  "name" : "timeline",
  "children" : [ {
    "name" : "wuyanhongdeMacBook-Pro.local",
    "children" : [ {
      "name" : "26055-MainThread",
      "children" : [ {
        "name" : "Info_2获取个人信息正确",
        "uid" : "33cbc1fbe9d549ed",
        "parentUid" : "fa7f33b663bf30d7441116a4c934e5af",
        "status" : "passed",
        "time" : {
          "start" : 1567767686352,
          "stop" : 1567767686958,
          "duration" : 606
        },
        "flaky" : false,
        "parameters" : [ "{'用例ID': 'Info_2', '模块': '个人信息', '接口名称': '获取个人信息正确', '请求URL': '/user/', '前置条件': 'login_4', '请求类型': 'get', '请求参数类型': '', '请求参数': '', '预期结果': \"id': 1, 'username': 'python', 'mobile': '17701397029', 'email': '952673638@qq.com'\", '实际结果': '', '备注': '', '是否运行': 'y', 'headers': '{\"Authorization\": \"JWT ${token}$\"}', 'cookies': '', 'status_code': 200.0, '数据库验证': \"select id,username,mobile,email from tb_users where username='python'\"}" ]
      } ],
      "uid" : "fa7f33b663bf30d7441116a4c934e5af"
    } ],
    "uid" : "730ccbc3a1bf19d1ae1c34ca552389b8"
  } ]
}