{
  "uid" : "b1a8273437954620fa374b796ffaacdd",
  "name" : "behaviors",
  "children" : [ {
    "name" : "测试用例标题1",
    "uid" : "9348b7dea51a1a3c",
    "parentUid" : "b1a8273437954620fa374b796ffaacdd",
    "status" : "passed",
    "time" : {
      "start" : 1567680729119,
      "stop" : 1567680729119,
      "duration" : 0
    },
    "flaky" : false,
    "parameters" : [ ]
  }, {
    "name" : "测试用例标题2",
    "uid" : "457046c819c3b5d2",
    "parentUid" : "b1a8273437954620fa374b796ffaacdd",
    "status" : "passed",
    "time" : {
      "start" : 1567680729121,
      "stop" : 1567680729121,
      "duration" : 0
    },
    "flaky" : false,
    "parameters" : [ ]
  }, {
    "name" : "测试用例标题3",
    "uid" : "9dda7ff100b34a28",
    "parentUid" : "b1a8273437954620fa374b796ffaacdd",
    "status" : "passed",
    "time" : {
      "start" : 1567680729123,
      "stop" : 1567680729123,
      "duration" : 0
    },
    "flaky" : false,
    "parameters" : [ ]
  }, {
    "name" : "接口测试，这是一个一级标签",
    "children" : [ {
      "name" : "这是一个二级标签：test1",
      "children" : [ {
        "name" : "测试用例标题1",
        "uid" : "7c7f17b809c76da5",
        "parentUid" : "0b0b56ee3ded521ecd5e080e24b627c2",
        "status" : "passed",
        "time" : {
          "start" : 1567681785843,
          "stop" : 1567681785843,
          "duration" : 0
        },
        "flaky" : false,
        "parameters" : [ ]
      }, {
        "name" : "测试用例标题2",
        "uid" : "81ffc583d645dca7",
        "parentUid" : "0b0b56ee3ded521ecd5e080e24b627c2",
        "status" : "passed",
        "time" : {
          "start" : 1567681785848,
          "stop" : 1567681785848,
          "duration" : 0
        },
        "flaky" : false,
        "parameters" : [ ]
      } ],
      "uid" : "0b0b56ee3ded521ecd5e080e24b627c2"
    }, {
      "name" : "这是一个二级标签：test3",
      "children" : [ {
        "name" : "测试用例标题3",
        "uid" : "e02b08cca6465c72",
        "parentUid" : "3b1eaab288f0ae765177941d730e0a93",
        "status" : "passed",
        "time" : {
          "start" : 1567681785850,
          "stop" : 1567681785850,
          "duration" : 0
        },
        "flaky" : false,
        "parameters" : [ ]
      } ],
      "uid" : "3b1eaab288f0ae765177941d730e0a93"
    }, {
      "name" : "case1",
      "uid" : "9b8c216c9502669c",
      "parentUid" : "9fc9025614a535ab34213a0031adfe2f",
      "status" : "passed",
      "time" : {
        "start" : 1567681785853,
        "stop" : 1567681785853,
        "duration" : 0
      },
      "flaky" : false,
      "parameters" : [ "'case1'" ]
    }, {
      "name" : "case2",
      "uid" : "887296c4c4d9633c",
      "parentUid" : "9fc9025614a535ab34213a0031adfe2f",
      "status" : "passed",
      "time" : {
        "start" : 1567681785858,
        "stop" : 1567681785858,
        "duration" : 0
      },
      "flaky" : false,
      "parameters" : [ "'case2'" ]
    } ],
    "uid" : "9fc9025614a535ab34213a0031adfe2f"
  } ]
}